,weights
M,0.0027181143
T,0.00229931
A,0.0022996976
I,0.0023793664
I,0.002332246
D,0.0023524906
I,0.0023436002
V,0.00232368
G,0.0023414723
R,0.0023350553
E,0.0023444179
I,0.0023391156
L,0.0023408553
D,0.002320494
S,0.002334885
R,0.0023287924
G,0.0023169115
N,0.002316025
P,0.0023085554
T,0.0022981036
V,0.002306799
E,0.002304994
V,0.0023101177
D,0.002316979
V,0.0023172577
V,0.00231756
L,0.0023290596
E,0.0023326946
D,0.0023538969
G,0.0023522368
S,0.0023664897
F,0.0023524235
G,0.0023670918
R,0.002368716
A,0.0023882696
A,0.002363574
V,0.0023541995
P,0.0023533744
S,0.002354005
G,0.0023593733
A,0.002374104
S,0.0023925812
T,0.002391998
G,0.002409599
A,0.002396592
H,0.0023833788
E,0.002365145
A,0.0023424297
V,0.0023376048
E,0.0023189147
L,0.002318307
R,0.002325635
D,0.0023211977
G,0.002330545
G,0.0023336434
S,0.0023426197
R,0.0023796693
Y,0.0023822852
L,0.0023704143
G,0.0023812056
K,0.0023705272
G,0.0023818386
V,0.0023956962
E,0.002400304
K,0.0024073985
A,0.0024189022
V,0.0024270636
E,0.0024349077
V,0.0024245346
V,0.0024317312
N,0.0024381196
G,0.0024198554
K,0.0024322642
I,0.0024383399
F,0.0024581875
D,0.002418702
A,0.002415704
I,0.0024475204
A,0.0024457662
G,0.0024129082
M,0.0023870398
D,0.0024020127
A,0.0024182848
E,0.0023940369
S,0.0024123709
Q,0.002421463
L,0.0024005393
L,0.002388937
I,0.0023757778
D,0.0023704288
Q,0.0023505797
T,0.0023399852
L,0.0023443631
I,0.0030274154
D,0.0023151236
L,0.0023036764
D,0.0022895616
G,0.002387442
S,0.0023107233
A,0.0023102392
N,0.00233042
K,0.002348618
G,0.002361852
N,0.0023662986
L,0.0023471494
G,0.0023471157
A,0.0023485066
N,0.0023596291
A,0.0023501816
I,0.0023599463
L,0.002358053
G,0.002355562
V,0.0023634585
S,0.0023949286
L,0.00238019
A,0.0023779045
V,0.0024817474
A,0.0024036719
K,0.0025225175
A,0.002397047
A,0.0025748454
A,0.002407609
Q,0.002553543
A,0.0023796062
S,0.0023776263
G,0.002368614
L,0.00236469
P,0.0023453725
L,0.002367565
Y,0.0023381861
R,0.0023371533
Y,0.0023236074
V,0.0023163802
G,0.002325214
G,0.002327555
T,0.0023366665
N,0.0023610336
A,0.0023711226
H,0.0023799732
V,0.0023843222
L,0.0023761727
P,0.0023812032
V,0.002386976
P,0.0023951796
M,0.0024001612
M,0.0023937812
N,0.0023819718
I,0.0023821122
I,0.0023537902
N,0.0023242203
G,0.0023032003
G,0.0022915765
A,0.00229487
H,0.0023117645
A,0.0023039
D,0.002332768
N,0.002344553
P,0.002348535
I,0.0023606326
D,0.0023519485
F,0.002340613
Q,0.0023452856
E,0.002350939
F,0.0023495862
M,0.0023550305
I,0.0023664392
L,0.0023738034
P,0.00238328
V,0.0023724108
G,0.0023802333
A,0.0023861984
T,0.0023955726
S,0.0024180186
I,0.0024213525
R,0.0024274213
E,0.0024387375
A,0.0024269223
V,0.002446802
R,0.002424989
Y,0.0024123797
G,0.0024084053
S,0.002398057
E,0.0023882496
V,0.0023828757
F,0.0023806053
H,0.0023752167
T,0.0023628757
L,0.0023635705
K,0.002361841
K,0.0023650979
R,0.0023675223
L,0.002361256
K,0.0023660366
D,0.002367642
A,0.0023326876
G,0.0023287456
H,0.0023106881
N,0.0022914533
T,0.0023102178
N,0.0022756092
V,0.0022549196
G,0.0022457766
D,0.0022450748
E,0.0022425144
G,0.0022416227
G,0.0022508441
F,0.002262852
A,0.0022826479
P,0.0023014492
N,0.0023222636
L,0.0023362264
K,0.0023521665
N,0.0023858647
A,0.0031323717
Q,0.0024174596
A,0.0023857956
A,0.002382794
L,0.0023823655
D,0.0023634473
F,0.002363283
I,0.0023505625
M,0.0023575525
E,0.0023425473
S,0.0023304296
I,0.0023292892
E,0.0023308077
K,0.0023338525
A,0.0023120951
G,0.0023231574
F,0.0028541752
K,0.0023127045
P,0.0023181832
G,0.0023143901
E,0.0023041733
D,0.0023087475
I,0.0023173238
A,0.0023322958
L,0.0023299844
G,0.002315752
L,0.002319471
D,0.002307775
C,0.0022984282
A,0.0023098106
A,0.0023123221
T,0.002332631
E,0.0023470945
F,0.002353664
F,0.0023597619
K,0.0023743934
D,0.0023572822
G,0.0023394753
N,0.002358191
Y,0.0023407682
V,0.00238204
Y,0.0023646073
E,0.0024130438
G,0.002385249
E,0.0023990846
R,0.0024818792
K,0.0024622937
T,0.0024665978
R,0.0024172238
D,0.00240442
P,0.0024020814
K,0.0023906117
A,0.00237732
Q,0.0023796998
A,0.0023628052
K,0.002353679
Y,0.0023552994
L,0.0023496556
A,0.0023321076
K,0.002340998
L,0.002343048
A,0.0023299782
S,0.0023408162
D,0.002329331
Y,0.002320422
P,0.0023417869
I,0.002332347
V,0.0023213609
T,0.0023133059
I,0.0023033144
E,0.0023014704
D,0.002323095
G,0.0023478856
M,0.002352361
A,0.0023620836
E,0.0023836833
D,0.0023988835
D,0.0024043517
W,0.002394091
E,0.0023685868
G,0.0023648287
W,0.0023606098
K,0.0023605512
Y,0.0023665663
L,0.002356517
T,0.002366132
D,0.0023674495
L,0.0023672404
I,0.0023783133
G,0.0023738851
N,0.0023715072
K,0.0023422362
C,0.00232395
Q,0.0023031258
L,0.0022869352
V,0.0022531305
G,0.0022519422
D,0.0022563268
D,0.0022494309
L,0.0022612985
F,0.002264429
V,0.002271805
T,0.0022888104
N,0.0023061368
S,0.0023008336
A,0.0022997004
R,0.0023102777
L,0.0023117743
R,0.0023047032
D,0.0022802937
G,0.0022934454
I,0.0023132837
R,0.0023002664
L,0.002290309
G,0.0023078213
V,0.0023878915
A,0.0023146716
N,0.0022730767
S,0.002268234
I,0.0022541035
L,0.0022297467
V,0.0022213617
K,0.002220742
V,0.0022143028
N,0.0022078515
Q,0.002219726
I,0.0022139181
G,0.002214705
S,0.002220919
L,0.0022256558
S,0.0022331267
E,0.0022500493
T,0.0022679048
L,0.0022786134
D,0.0022845252
A,0.0022834665
V,0.0022935406
E,0.002301451
T,0.0023032352
A,0.002299205
H,0.0029850008
K,0.002310381
A,0.0022767321
G,0.0023280927
Y,0.0023082497
T,0.0022821503
A,0.0022870782
V,0.0022833538
M,0.002283772
S,0.0022733603
H,0.002256997
R,0.0022589765
S,0.0022480884
G,0.00225214
E,0.0022609213
T,0.0022711358
E,0.0023058518
D,0.0023318701
S,0.0023368069
T,0.0023578054
I,0.0023561395
A,0.0023478144
D,0.0023604461
L,0.002348547
A,0.0023322464
V,0.0023371992
A,0.0023495504
T,0.00235889
N,0.002362399
C,0.0023409657
G,0.002333133
Q,0.0023156558
I,0.0023072693
K,0.0022863594
T,0.002289739
G,0.0022875657
S,0.0023018536
L,0.0023068292
A,0.0023429494
R,0.00235022
S,0.0023367284
D,0.0023511485
R,0.0023625363
T,0.00234607
A,0.0023463336
K,0.0023410027
Y,0.0023398413
N,0.0023502924
Q,0.00234294
L,0.0023454349
I,0.0023457378
R,0.0023535553
I,0.0023597293
E,0.0023593395
E,0.0023618622
E,0.0023544286
L,0.002344271
G,0.0023604345
K,0.002370352
Q,0.0023540235
A,0.002339169
R,0.0024065757
Y,0.0024026358
A,0.0023488717
G,0.0023655137
R,0.0024819071
S,0.0023649272
A,0.002370794
L,0.0023985982
K,0.0023857346
L,0.0023786062
L,0.0023744819
